{
	"ImportPath": "github.com/gin-gonic/gin",
	"GoVersion": "go1.5.1",
	"Deps": [
		{
			"ImportPath": "github.com/davecgh/go-spew/spew",
			"Rev": "5215b55f46b2b919f50a1df0eaa5886afe4e3b3d"
		},
		{
			"ImportPath": "github.com/golang/protobuf/proto",
			"Rev": "2402d76f3d41f928c7902a765dfc872356dd3aad"
		},
		{
			"ImportPath": "github.com/manucorporat/sse",
			"Rev": "ee05b128a739a0fb76c7ebd3ae4810c1de808d6d"
		},
		{
			"ImportPath": "github.com/pmezard/go-difflib/difflib",
			"Rev": "792786c7400a136282c1664665ae0a8db921c6c2"
		},
		{
			"ImportPath": "github.com/stretchr/testify/assert",
			"Comment": "v1.1.3",
			"Rev": "f390dcf405f7b83c997eac1b06768bb9f44dec18"
		},
		{
			"ImportPath": "golang.org/x/net/context",
			"Rev": "f315505cf3349909cdf013ea56690da34e96a451"
		},
		{
			"ImportPath": "gopkg.in/go-playground/validator.v8",
			"Comment": "v8.15.1",
			"Rev": "c193cecd124b5cc722d7ee5538e945bdb3348435"
		}
	]
}
